Test Name,Chapter,Question ID,Question,Option A,Option B,Option C,Option D,Correct Answer,Section Reference
"Chapter 8: Accuracy Landing - Regional Test",AL,1,"What is the diameter of the dead-center target on the AMD?","1 cm","2 cm","3 cm","5 cm","2 cm","8.1.3.1.1"
"Chapter 8: Accuracy Landing - Regional Test",AL,2,"What is the exit altitude for Individual Accuracy Landing?","2,500 feet","3,000 feet","3,500 feet","4,000 feet","3,000 feet","8.1.5.3"
"Chapter 8: Accuracy Landing - Regional Test",AL,3,"What is the exit altitude for Team Accuracy?","3,000 feet","3,500 feet","4,000 feet","4,500 feet","3,500 feet","8.1.5.4.1"
"Chapter 8: Accuracy Landing - Regional Test",AL,4,"What is the maximum scheduled number of rounds for Individual Accuracy Landing?","Six","Eight","Ten","Twelve","Ten","8.1.6.1"
"Chapter 8: Accuracy Landing - Regional Test",AL,5,"What is the maximum scheduled number of rounds for Team Accuracy?","Six","Eight","Ten","Twelve","Eight","8.1.6.2"
"Chapter 8: Accuracy Landing - Regional Test",AL,6,"At what wind speed must wind be monitored constantly and documented every 2 minutes?","2 m/s","3 m/s","5 m/s","6 m/s","3 m/s","8.1.7.2"
"Chapter 8: Accuracy Landing - Regional Test",AL,7,"What is the range for maximum allowable wind speed set by officials?","4-6 m/s","5-7 m/s","6-7.5 m/s","7-9 m/s","6-7.5 m/s","8.1.7.3"
"Chapter 8: Accuracy Landing - Regional Test",AL,8,"A landing off the AMD is scored as what distance?","10 cm","15 cm","16 cm","20 cm","16 cm","8.1.8.1.2"
"Chapter 8: Accuracy Landing - Regional Test",AL,9,"If a competitor lands on unreset AMD due to insufficient team separation, what score is given?","10 cm","15 cm","16 cm","Rejump","15 cm","8.1.8.2.3"
"Chapter 8: Accuracy Landing - Regional Test",AL,10,"How many principal judges are required at the target for Accuracy Landing?","Two","Three","Four","Five","Three","8.1.9.1"
"Chapter 8: Accuracy Landing - Regional Test",AL,11,"What is the radius of the marked circle the AMD must be centered within?","10 meters","15 meters","20 meters","25 meters","20 meters","8.1.10.3"
"Chapter 8: Accuracy Landing - Regional Test",AL,12,"What is the minimum thickness of the foam tuffet?","20 cm","25 cm","30 cm","35 cm","30 cm","8.1.10.3.2"
"Chapter 8: Accuracy Landing - Regional Test",AL,13,"What is the approximate diameter of the tuffet?","3 meters","4 meters","5 meters","6 meters","5 meters","8.1.10.3.2"
"Chapter 8: Accuracy Landing - Regional Test",AL,14,"What is the maximum aircraft speed at time of exit?","80 knots","87 knots","95 knots","100 knots","87 knots","8.1.12.2"
"Chapter 8: Accuracy Landing - Regional Test",AL,15,"What happens if the event is interrupted for 60 minutes or more?","Competition cancelled","WDI dropped","Rejumps for all","New draw required","WDI dropped","8.1.4.1"
"Chapter 8: Accuracy Landing - Regional Test",AL,16,"From what altitude is the Wind Drift Indicator dropped?","2,000 feet","2,500 feet","3,000 feet","3,500 feet","2,500 feet","8.1.4.1"
"Chapter 8: Accuracy Landing - Regional Test",AL,17,"The large wind indicator must respond to winds of at least what speed?","1 m/s","2 m/s","3 m/s","4 m/s","2 m/s","8.1.10.1.1"
"Chapter 8: Accuracy Landing - Regional Test",AL,18,"How far from the target center is the large wind indicator positioned?","30 meters","40 meters","50 meters","60 meters","50 meters","8.1.10.1.1"
"Chapter 8: Accuracy Landing - Regional Test",AL,19,"What is the minimum horizontal diameter of footwear touching the target?","0.5 cm","1 cm","1.5 cm","2 cm","1 cm","8.1.11.2.1"
"Chapter 8: Accuracy Landing - Regional Test",AL,20,"At what ground wind speed is the event automatically interrupted?","7 m/s","8 m/s","9 m/s","10 m/s","9 m/s","8.1.7.3.4"
"Chapter 8: Accuracy Landing - Regional Test",AL,21,"How long must scoring stop when wind exceeds the limit?","15 seconds","30 seconds","45 seconds","60 seconds","30 seconds","8.1.7.3.2"
"Chapter 8: Accuracy Landing - Regional Test",AL,22,"Teams landing with fewer than four members receive what score for each missing member?","10 cm","15 cm","16 cm","20 cm","16 cm","8.1.8.2.6"
"Chapter 8: Accuracy Landing - Regional Test",AL,23,"What is the minimum number of rounds to constitute a meet for Individual Accuracy?","One","Two","Three","Four","One","8.1.6.1"
"Chapter 8: Accuracy Landing - Regional Test",AL,24,"Within how many meters of the target is the wind direction streamer placed?","10 meters","15 meters","20 meters","25 meters","20 meters","8.1.10.1.2"
"Chapter 8: Accuracy Landing - Regional Test",AL,25,"What is the minimum height above ground for the wind-speed measuring device?","4 meters","5 meters","6 meters","8 meters","6 meters","8.1.10.2.2"
"Chapter 8: Accuracy Landing - National Test",AL,1,"How much may the Meet Director lower Individual Accuracy exit altitude to negotiate weather?","200 feet","300 feet","400 feet","500 feet","300 feet","8.1.5.3"
"Chapter 8: Accuracy Landing - National Test",AL,2,"What is the lowest altitude Team Accuracy may be lowered to for weather?","2,500 feet","2,800 feet","3,000 feet","3,200 feet","2,800 feet","8.1.5.4.1"
"Chapter 8: Accuracy Landing - National Test",AL,3,"For how long is the target covered when ground wind exceeds 9 m/s?","3 minutes","5 minutes","7 minutes","10 minutes","5 minutes","8.1.7.3.4"
"Chapter 8: Accuracy Landing - National Test",AL,4,"What is the maximum change in wind direction that triggers the limit when wind exceeds 3 m/s?","45 degrees","60 degrees","90 degrees","120 degrees","90 degrees","8.1.7.5"
"Chapter 8: Accuracy Landing - National Test",AL,5,"A competitor landing within how many seconds after wind change is offered a rejump?","15 seconds","30 seconds","45 seconds","60 seconds","30 seconds","8.1.7.5.1"
"Chapter 8: Accuracy Landing - National Test",AL,6,"During final approach, only principal judges are allowed within how many meters?","3 meters","5 meters","7 meters","10 meters","5 meters","8.1.9.4.1"
"Chapter 8: Accuracy Landing - National Test",AL,7,"The angle of footwear sole touching the target must be within what tolerance of 90 degrees?","10 degrees","15 degrees","20 degrees","25 degrees","15 degrees","8.1.11.2.1"
"Chapter 8: Accuracy Landing - National Test",AL,8,"Who determines an erroneous AMD reading?","Chief Judge alone","Event Judge alone","Simple majority of principal judges","Unanimous judges","Simple majority of principal judges","8.1.13.1.1"
"Chapter 8: Accuracy Landing - National Test",AL,9,"A competitor with main canopy malfunction must signal by what method?","Waving arms","Arms and legs apart","Spinning","Pulling reserve immediately","Arms and legs apart","8.1.13.1.2"
"Chapter 8: Accuracy Landing - National Test",AL,10,"In Team Accuracy rounds 1-8, what is the jumping order?","Teams then individuals","Individuals then teams","Alternating","Random draw","Individuals then teams","8.1.5.1"
"Chapter 8: Accuracy Landing - National Test",AL,11,"Rounds nine and ten of Accuracy are in what order?","Team only","Individual, reverse order of standing","Individual, random order","Team, reverse order","Individual, reverse order of standing","8.1.5.2"
"Chapter 8: Accuracy Landing - National Test",AL,12,"How many jumpers may exit per pass in Individual Accuracy?","One only","One or two","Up to three","Up to four","One or two","8.1.5.3"
"Chapter 8: Accuracy Landing - National Test",AL,13,"Who is responsible for selecting the proper exit point?","Pilot","Chief Judge","Competitor/team","Meet Director","Competitor/team","8.1.5.5"
"Chapter 8: Accuracy Landing - National Test",AL,14,"What happens to competitors waved off during halted jumping?","Score counts","16 cm score","Must rejump","Disqualified","Must rejump","8.1.7.3.4"
"Chapter 8: Accuracy Landing - National Test",AL,15,"The AMD must be capable of measuring to what minimum distance?","10 cm","15 cm","16 cm","20 cm","16 cm","8.1.10.3.1"
"Chapter 8: Accuracy Landing - National Test",AL,16,"A competitor landing 15 seconds before wind exceeds limit and not scoring dead center is offered what?","Score stands","Rejump","16 cm score","Disqualification","Rejump","8.1.7.3.3"
"Chapter 8: Accuracy Landing - National Test",AL,17,"What must happen before the event continues after interruption due to winds aloft?","5-minute wait","New briefing","New WDI dropped","Equipment check","New WDI dropped","8.1.9.9.3"
"Chapter 8: Accuracy Landing - National Test",AL,18,"Substitutes to team composition are permitted after competition begins.","True","False","Only with CJ approval","Only for injury","False","8.1.3.2.2"
"Chapter 8: Accuracy Landing - National Test",AL,19,"What device must be used to alert judges of a wind hold?","Radio","Flag","Audible device","Light signal","Audible device","8.1.7.4"
"Chapter 8: Accuracy Landing - National Test",AL,20,"If canopy condition resulted from faulty equipment or improper judgment, what happens?","Rejump awarded","No rejump awarded","Half score","Disqualification","No rejump awarded","8.1.13.1.2"
"Chapter 8: Accuracy Landing - National Test",AL,21,"For canopy conflict with own teammate, the team receives what?","Rejump","No rejump, score counts","16 cm for affected","Disqualification","No rejump, score counts","8.1.13.2.2"
"Chapter 8: Accuracy Landing - National Test",AL,22,"If AMD is defective or not reset and first contact was on it, what is offered?","Score stands","Rejump","16 cm","Dead center","Rejump","8.1.13.3"
"Chapter 8: Accuracy Landing - National Test",AL,23,"In case of tie in top three places, how many tie-break rounds maximum?","One","Two","Three","Unlimited","Two","8.2.2.3"
"Chapter 8: Accuracy Landing - National Test",AL,24,"Winds aloft refers to winds occurring above what?","500 feet","1000 feet","Wind-speed device altitude","Exit altitude","Wind-speed device altitude","8.A.1.2.8"
"Chapter 8: Accuracy Landing - National Test",AL,25,"The control pad when struck at any point scores what?","10 cm","15 cm","16 cm","Maximum","16 cm","8.A.1.2.3"
"Chapter 9: Formation Skydiving - Regional Test",FS,1,"What is the exit altitude for 4-Way Formation Skydiving?","9,500 feet","10,500 feet","11,500 feet","13,000 feet","10,500 feet","9.5.2.1"
"Chapter 9: Formation Skydiving - Regional Test",FS,2,"What is the working time for 4-Way FS?","30 seconds","35 seconds","40 seconds","50 seconds","35 seconds","9.5.2.3"
"Chapter 9: Formation Skydiving - Regional Test",FS,3,"What is the exit altitude for 8-Way FS?","10,500 feet","11,000 feet","12,000 feet","13,000 feet","13,000 feet","9.5.3.1"
"Chapter 9: Formation Skydiving - Regional Test",FS,4,"What is the working time for 8-Way FS?","35 seconds","40 seconds","45 seconds","50 seconds","50 seconds","9.5.3.3"
"Chapter 9: Formation Skydiving - Regional Test",FS,5,"How many points are deducted for each omission?","One","Two","Three","Four","Three","9.7.1.2"
"Chapter 9: Formation Skydiving - Regional Test",FS,6,"What is the minimum score for any round?","Negative three","Negative one","Zero","One","Zero","9.7.1.4"
"Chapter 9: Formation Skydiving - Regional Test",FS,7,"What is the maximum scheduled number of rounds for 4-Way and 8-Way FS?","Six","Eight","Ten","Twelve","Ten","9.4.3.3"
"Chapter 9: Formation Skydiving - Regional Test",FS,8,"What is the exit altitude for 2-Way MFS and 4-Way VFS?","10,500 feet","11,000 feet","12,000 feet","13,000 feet","13,000 feet","9.5.1.1"
"Chapter 9: Formation Skydiving - Regional Test",FS,9,"What is the working time for 2-Way MFS and 4-Way VFS?","30 seconds","35 seconds","40 seconds","50 seconds","35 seconds","9.5.1.3"
"Chapter 9: Formation Skydiving - Regional Test",FS,10,"How many members minimum must remain on a 4-Way team to continue competition?","Two","Three","Four","Five","Four","9.3.2.1"
"Chapter 9: Formation Skydiving - Regional Test",FS,11,"How many members minimum must remain on an 8-Way team?","Six","Seven","Eight","Nine","Eight","9.3.3.1"
"Chapter 9: Formation Skydiving - Regional Test",FS,12,"What is the exit altitude for 16-Way FS?","11,000 feet","12,000 feet","13,000 feet","14,000 feet","13,000 feet","9.5.5.1"
"Chapter 9: Formation Skydiving - Regional Test",FS,13,"What is the working time for 16-Way FS?","35 seconds","40 seconds","45 seconds","50 seconds","50 seconds","9.5.5.3"
"Chapter 9: Formation Skydiving - Regional Test",FS,14,"What is the exit altitude for 10-Way FS?","10,000 feet","11,000 feet","12,000 feet","13,000 feet","11,000 feet","9.5.4.1"
"Chapter 9: Formation Skydiving - Regional Test",FS,15,"What is the total working time for 10-Way FS?","35 seconds","40 seconds","45 seconds","50 seconds","40 seconds","9.5.4.4"
"Chapter 9: Formation Skydiving - Regional Test",FS,16,"10-Way formations must be held for a minimum of how many seconds?","Three","Four","Five","Six","Five","9.5.4.3"
"Chapter 9: Formation Skydiving - Regional Test",FS,17,"How much advance notice of draw results must teams receive before competition starts?","One hour","Two hours","Three hours","Four hours","Two hours","9.4.1.2"
"Chapter 9: Formation Skydiving - Regional Test",FS,18,"What penalty percentage is deducted if judges cannot determine start of working time?","10%","15%","20%","25%","20%","9.5.2.2.2"
"Chapter 9: Formation Skydiving - Regional Test",FS,19,"How many members maximum can a 4-Way team have including videographer?","Four","Five","Six","Seven","Six","9.3.2.1"
"Chapter 9: Formation Skydiving - Regional Test",FS,20,"How many members maximum can an 8-Way team have including videographer?","Nine","Ten","Eleven","Twelve","Eleven","9.3.3.1"
"Chapter 9: Formation Skydiving - Regional Test",FS,21,"What is the maximum scheduled number of rounds for 16-Way and 10-Way?","Four","Six","Eight","Ten","Six","9.4.3.4"
"Chapter 9: Formation Skydiving - Regional Test",FS,22,"4-Way exit altitude may be lowered to what for weather without working time change?","8,500 feet","9,000 feet","9,500 feet","10,000 feet","9,500 feet","9.5.2.1"
"Chapter 9: Formation Skydiving - Regional Test",FS,23,"A grip consists of contact between what and another jumper?","Any body part","Palm side of hand/fingers","Fist","Wrist","Palm side of hand/fingers","9.8.2"
"Chapter 9: Formation Skydiving - Regional Test",FS,24,"For 10-Way, where must the videographer record an image before team exit?","Target","Aircraft door","Line on floor","Altimeter","Line on floor","9.6.2.1.1"
"Chapter 9: Formation Skydiving - Regional Test",FS,25,"The videographer on an all-women 4-Way Open team may be what?","Female only","Male only","Either sex","Must be rated judge","Either sex","9.3.2.2"
"Chapter 9: Formation Skydiving - National Test",FS,1,"When 4-Way exit altitude is lowered for weather, what is the reduced working time?","15 seconds","20 seconds","25 seconds","30 seconds","20 seconds","9.5.6.4.2"
"Chapter 9: Formation Skydiving - National Test",FS,2,"What is the reduced exit altitude for 4-Way FS in bad weather?","6,500 feet","7,000 feet","7,500 feet","8,000 feet","7,500 feet","9.5.6.4.2"
"Chapter 9: Formation Skydiving - National Test",FS,3,"What is the reduced working time for 8-Way at lower altitude?","25 seconds","30 seconds","35 seconds","40 seconds","30 seconds","9.5.6.4.2"
"Chapter 9: Formation Skydiving - National Test",FS,4,"What is the reduced exit altitude for 8-Way in weather?","8,000 feet","8,500 feet","9,000 feet","10,000 feet","9,000 feet","9.5.6.4.2"
"Chapter 9: Formation Skydiving - National Test",FS,5,"What is the reduced working time for 16-Way at lower altitude?","25 seconds","30 seconds","35 seconds","40 seconds","30 seconds","9.5.6.4.2"
"Chapter 9: Formation Skydiving - National Test",FS,6,"How many gold medalists from that class are allowed on Advanced/Intermediate 4-way teams?","None","One","Two","Three","One","9.3"
"Chapter 9: Formation Skydiving - National Test",FS,7,"How many gold medalists are allowed on Advanced/Intermediate 8-way teams?","Two","Three","Four","Five","Four","9.3"
"Chapter 9: Formation Skydiving - National Test",FS,8,"For how many prior calendar years does the medal restriction apply?","Three","Four","Five","Six","Five","9.3"
"Chapter 9: Formation Skydiving - National Test",FS,9,"In 4-Way VFS Advanced draw, which blocks are excluded?","1,2,3","5,6,10,15,19","All blocks included","Only randoms used","5,6,10,15,19","9.4.2.1.4"
"Chapter 9: Formation Skydiving - National Test",FS,10,"What round is assigned formation 8 (Star) in 10-Way?","Round 1","Round 5","Round 6","Tie-break","Round 6","9.4.2.1.9"
"Chapter 9: Formation Skydiving - National Test",FS,11,"In 10-Way, each team member must present what before formation completion?","Grip check","Individual separation","Wave off","Track","Grip check","9.6.2.2"
"Chapter 9: Formation Skydiving - National Test",FS,12,"How many members minimum must remain on a 16-Way team?","Thirteen","Fourteen","Fifteen","Sixteen","Sixteen","9.3.4.1"
"Chapter 9: Formation Skydiving - National Test",FS,13,"How many members minimum must remain on a 10-Way team?","Eight","Nine","Ten","Eleven","Ten","9.3.5.1"
"Chapter 9: Formation Skydiving - National Test",FS,14,"If both inter and second formation in a block are omitted, how many omissions count?","Zero","One","Two","Three","One","9.7.1.2"
"Chapter 9: Formation Skydiving - National Test",FS,15,"If infringement in scoring formation carries into inter, how many infringements count?","Zero","One","Two","Depends on intent","One","9.7.1.3"
"Chapter 9: Formation Skydiving - National Test",FS,16,"Total separation requires all competitors show no contact with what?","Grips only","Arms and grips","Any body part","Equipment","Arms and grips","9.8.9.1"
"Chapter 9: Formation Skydiving - National Test",FS,17,"A foot grip must be on or below what?","Knee","Calf","Anklebone","Toe","Anklebone","9.8.2"
"Chapter 9: Formation Skydiving - National Test",FS,18,"Where possible, Meet Director will schedule rounds when sun is not within how many degrees of zenith?","10 degrees","15 degrees","20 degrees","30 degrees","20 degrees","9.5.1.4"
"Chapter 9: Formation Skydiving - National Test",FS,19,"For 10-Way, what is the maximum score if no clear exit is shown?","30 seconds","35 seconds","40 seconds","DNF","35 seconds","9.5.4.2"
"Chapter 9: Formation Skydiving - National Test",FS,20,"Mirror images of random formations are permitted.","True for all events","False for all events","Only 10-Way","Only 4-Way","True for all events","9.5.4.5"
"Chapter 9: Formation Skydiving - National Test",FS,21,"How many rounds are drawn including tie-breaker?","Scheduled rounds only","Scheduled plus one","Scheduled plus two","Double scheduled","Scheduled plus one","9.4.2.2.4"
"Chapter 9: Formation Skydiving - National Test",FS,22,"What happens if duplicate random/block is drawn within a single round?","Stands","Put back and redraw","Skip that formation","Use alternate","Put back and redraw","9.4.2.2.3"
"Chapter 9: Formation Skydiving - National Test",FS,23,"Reduced exit altitude for 2-Way MFS and 4-Way VFS in weather is what?","8,000 feet","8,500 feet","9,000 feet","10,000 feet","9,000 feet","9.5.6.4.2"
"Chapter 9: Formation Skydiving - National Test",FS,24,"What is the reduced working time for 2-Way MFS and 4-Way VFS at lower altitude?","15 seconds","20 seconds","25 seconds","30 seconds","20 seconds","9.5.6.4.2"
"Chapter 9: Formation Skydiving - National Test",FS,25,"Reduced exit altitude for 10-Way in weather is what?","7,500 feet","8,000 feet","8,500 feet","9,000 feet","8,500 feet","9.5.6.4.2"
"Chapter 10: Canopy Formation - Regional Test",CF,1,"What is the exit altitude for 2-Way Sequential CF?","7,000 feet","8,000 feet","9,000 feet","10,000 feet","8,000 feet","5.3.1"
"Chapter 10: Canopy Formation - Regional Test",CF,2,"What is the exit altitude for 4-Way Rotation CF?","8,000 feet","8,500 feet","9,000 feet","10,000 feet","9,000 feet","5.1.1"
"Chapter 10: Canopy Formation - Regional Test",CF,3,"What is the exit altitude for 4-Way Sequential CF?","8,500 feet","9,000 feet","9,500 feet","10,000 feet","10,000 feet","5.2.1"
"Chapter 10: Canopy Formation - Regional Test",CF,4,"What is the working time for 2-Way Sequential CF?","45 seconds","60 seconds","75 seconds","90 seconds","60 seconds","5.6.3.1"
"Chapter 10: Canopy Formation - Regional Test",CF,5,"What is the working time for 4-Way Rotation CF?","75 seconds","90 seconds","105 seconds","120 seconds","90 seconds","5.6.4.1"
"Chapter 10: Canopy Formation - Regional Test",CF,6,"What is the working time for 4-Way Sequential CF?","90 seconds","105 seconds","120 seconds","135 seconds","120 seconds","5.6.2.1"
"Chapter 10: Canopy Formation - Regional Test",CF,7,"How many rounds maximum are scheduled for 2-Way Sequential?","Six","Eight","Ten","Twelve","Eight","5.8.1"
"Chapter 10: Canopy Formation - Regional Test",CF,8,"How many rounds maximum are scheduled for 4-Way events?","Six","Eight","Ten","Twelve","Eight","5.8.1"
"Chapter 10: Canopy Formation - Regional Test",CF,9,"What is the maximum ground wind speed for CF events?","7 m/s","9 m/s","11 m/s","13 m/s","9 m/s","7.8.1"
"Chapter 10: Canopy Formation - Regional Test",CF,10,"How many points are deducted as penalty for each omission in 4-Way Sequential CF?","One","Two","Three","Four","One","7.3.3.1"
"Chapter 10: Canopy Formation - Regional Test",CF,11,"How many points penalty for omission in 2-Way Sequential CF?","One","Two","Three","Four","Two","7.4.3.1"
"Chapter 10: Canopy Formation - Regional Test",CF,12,"All forms of CF activity must cease by what altitude?","2,000 feet","2,500 feet","3,000 feet","3,500 feet","2,500 feet","5.7.1"
"Chapter 10: Canopy Formation - Regional Test",CF,13,"The Meet Director may disqualify a team for breaching the break-off altitude rule.","True","False","Only with warning","Only at Nationals","True","5.7.2"
"Chapter 10: Canopy Formation - Regional Test",CF,14,"A 2-Way CF team may have up to how many total members?","Two","Three","Four","Five","Four","3.2.1"
"Chapter 10: Canopy Formation - Regional Test",CF,15,"A 4-Way CF team may have up to how many total members?","Four","Five","Six","Seven","Six","3.1.1"
"Chapter 10: Canopy Formation - Regional Test",CF,16,"What constitutes a valid grip in CF?","Any contact","A lines or front risers","Any line contact","Harness contact","A lines or front risers","6.1.2"
"Chapter 10: Canopy Formation - Regional Test",CF,17,"What score is given for a grip taken during rotation that is not part of the sequence?","No penalty","Omission","Point deducted","Infringement","Infringement","6.1.9"
"Chapter 10: Canopy Formation - Regional Test",CF,18,"The CF competition will be judged by air-to-air video.","True","False","Only for 4-Way","Only for 2-Way","True","7.6.1"
"Chapter 10: Canopy Formation - Regional Test",CF,19,"What is the minimum number of members for a 2-Way team to continue?","One","Two","Three (including videographer)","Two plus alternate","Three (including videographer)","3.2.1"
"Chapter 10: Canopy Formation - Regional Test",CF,20,"What is the minimum number of members for a 4-Way team to continue?","Two","Three","Four","Four plus videographer","Four plus videographer","3.1.1"
"Chapter 10: Canopy Formation - Regional Test",CF,21,"In 4-Way Rotation, rotations are made by which competitor?","Any competitor","The top competitor","The bottom competitor","Alternating competitors","The top competitor","2.1.1.1"
"Chapter 10: Canopy Formation - Regional Test",CF,22,"Working time in CF starts when?","First exit","First grip release from first formation","First canopy open","All canopies open","First grip release from first formation","5.6.1"
"Chapter 10: Canopy Formation - Regional Test",CF,23,"How many formations are in each 2-Way Sequential round?","Three","Four","Five","Six","Five","4.2.2.1"
"Chapter 10: Canopy Formation - Regional Test",CF,24,"How many formations are in each 4-Way Sequential round?","Three or four","Four or five","Five or six","Six or seven","Four or five","4.2.1.3"
"Chapter 10: Canopy Formation - Regional Test",CF,25,"Handholds on what are not permitted in CF?","Lines only","Canopy only","Other competitors' bodies","Risers only","Other competitors' bodies","6.1.2"
"Chapter 10: Canopy Formation - National Test",CF,1,"In 4-Way Rotation, a team receives how many points for each correctly completed formation?","One","Two","Three","Four","One","7.2.2"
"Chapter 10: Canopy Formation - National Test",CF,2,"A 4-way plane/stack formation is complete when all grips are taken correctly.","True","False","Only for plane","Only for stack","True","7.2.2"
"Chapter 10: Canopy Formation - National Test",CF,3,"Team members rotating before bottom member takes grip receive credit for that formation.","True","False","Only in Sequential","Only in Rotation","False","7.2.3"
"Chapter 10: Canopy Formation - National Test",CF,4,"The 2-Way CF team is eliminated if cut to how many members including videographer?","One","Two","Two or fewer","Three","Two or fewer","3.2.1"
"Chapter 10: Canopy Formation - National Test",CF,5,"The 4-Way CF team is eliminated if cut to how many members plus videographer?","Two","Three","Three or fewer","Four","Three or fewer","3.1.1"
"Chapter 10: Canopy Formation - National Test",CF,6,"In tied placing for CF, what is the first tie-breaking method?","Tie-break round","Highest single round","Last round score","Co-placing","Tie-break round","8.3.1.1"
"Chapter 10: Canopy Formation - National Test",CF,7,"If tie persists after highest single round comparison, what is used next?","Another round","Highest score from last round backwards","Average score","Co-placing","Highest score from last round backwards","8.3.1.3"
"Chapter 10: Canopy Formation - National Test",CF,8,"A variety or combination of aircraft may be used for CF competition.","True","False","Only single type","Only turbine","True","7.7.1"
"Chapter 10: Canopy Formation - National Test",CF,9,"The team is responsible for providing video evidence for judging purposes.","True","False","Only at Nationals","Only for 4-Way","True","7.1.3.2"
"Chapter 10: Canopy Formation - National Test",CF,10,"In weather, the Meet Director may raise exit altitude to no higher than what?","8,000 feet","9,000 feet","10,000 feet","11,000 feet","10,000 feet","7.8.2"
"Chapter 10: Canopy Formation - National Test",CF,11,"Teams may refuse to jump in rain or turbulent conditions.","True","False","Only with evidence","Only at Nationals","True","7.8.3"
"Chapter 10: Canopy Formation - National Test",CF,12,"If a team aborts a jump twice for the same reason, what happens?","Rejump offered","Warning given","Team doesn't jump that round","Disqualification","Team doesn't jump that round","7.8.5"
"Chapter 10: Canopy Formation - National Test",CF,13,"Practice of formations other than those specified for a jump results in what?","Warning","Point deduction","Disqualification from competition","Rejump","Disqualification from competition","7.1.1.1"
"Chapter 10: Canopy Formation - National Test",CF,14,"CF cannot be practiced or scored using what type of parachute?","Main only","Reserve (auxiliary)","Sport canopy","Student canopy","Reserve (auxiliary)","7.1.2"
"Chapter 10: Canopy Formation - National Test",CF,15,"If a competitor is disqualified for a jump, they receive how many points?","Zero","One","Average","Previous round score","Zero","7.1.4.1"
"Chapter 10: Canopy Formation - National Test",CF,16,"Exit order for CF is determined by whom?","Teams","Meet management","Chief Judge","Draw","Meet management","4.3.1"
"Chapter 10: Canopy Formation - National Test",CF,17,"The minimum number of rounds to constitute a meet in CF is what?","One","Two","Three","Four","One","5.8.1"
"Chapter 10: Canopy Formation - National Test",CF,18,"The result for each team is based on total points from all completed rounds.","True","False","Only top half","Drop lowest","True","8.1.1"
"Chapter 10: Canopy Formation - National Test",CF,19,"4-Way Rotation consists of successive 4-way stack-plane formations made by rotation.","True","False","Only stack","Only plane","True","2.1.1"
"Chapter 10: Canopy Formation - National Test",CF,20,"In 4-Way Rotation, the top competitor drops grips and flies to what position?","Top","Middle","Bottom","Side","Bottom","2.1.1.1"
"Chapter 10: Canopy Formation - National Test",CF,21,"The intermediate formation in 4-Way Rotation is a correctly completed what?","2-way stack","3-way stack-plane","4-way diamond","2-way plane","3-way stack-plane","2.1.1.2"
"Chapter 10: Canopy Formation - National Test",CF,22,"Working time for 4-Way Sequential is how many seconds?","60 seconds","90 seconds","120 seconds","150 seconds","120 seconds","5.6.2.1"
"Chapter 10: Canopy Formation - National Test",CF,23,"A formation not clearly presented is scored as what?","Warning","Infringement","Omission","Rejump required","Infringement","6.1.9.1"
"Chapter 10: Canopy Formation - National Test",CF,24,"Video evidence must show what for scoring to occur?","Aircraft","All canopies","Formation and grips","Target area","Formation and grips","7.1.3.1"
"Chapter 10: Canopy Formation - National Test",CF,25,"All CF activity must cease by what altitude with jumpers separated?","2,000 feet","2,500 feet","3,000 feet","3,500 feet","2,500 feet","5.7.1"
"Chapter 11: Artistic Events - Regional Test",AE,1,"What is the exit altitude for Artistic Events?","10,000 feet","11,000 feet","12,000 feet","13,000 feet","13,000 feet","1.2.3"
"Chapter 11: Artistic Events - Regional Test",AE,2,"Working time for Freestyle Skydiving terminates after how many seconds?","40 seconds","43 seconds","45 seconds","50 seconds","45 seconds","1.1.7.1"
"Chapter 11: Artistic Events - Regional Test",AE,3,"Working time for Freeflying terminates after how many seconds?","40 seconds","43 seconds","45 seconds","50 seconds","43 seconds","1.1.7.2"
"Chapter 11: Artistic Events - Regional Test",AE,4,"Only performances within working time are evaluated by judges.","True","False","Depends on difficulty","Chief Judge decides","True","4.4.1"
"Chapter 11: Artistic Events - Regional Test",AE,5,"A Freestyle team consists of a performer and a videographer.","True","False","Only at Nationals","Three members","True","3.1.1"
"Chapter 11: Artistic Events - Regional Test",AE,6,"A Freefly team consists of how many Team Members?","Two","Three","Four","Five","Three","3.1.4"
"Chapter 11: Artistic Events - Regional Test",AE,7,"How many compulsory rounds are there in a full AE competition?","Two","Three","Four","Five","Two","3.3.2.1"
"Chapter 11: Artistic Events - Regional Test",AE,8,"How many free rounds are there in a full AE competition?","Three","Four","Five","Six","Five","3.3.2.2"
"Chapter 11: Artistic Events - Regional Test",AE,9,"The maximum scheduled number of rounds for Artistic Events is what?","Five","Six","Seven","Eight","Seven","3.3.1"
"Chapter 11: Artistic Events - Regional Test",AE,10,"The round order for AE is F-C-F-F-C-F-F where C means what?","Camera round","Compulsory Routine","Combined round","Championship round","Compulsory Routine","3.3.4"
"Chapter 11: Artistic Events - Regional Test",AE,11,"Initial Difficulty Score for free routines ranges from 0.0 to what?","5.0","10.0","15.0","20.0","10.0","4.2.1"
"Chapter 11: Artistic Events - Regional Test",AE,12,"Judges give a presentation score between 0.0 and what for free routines?","5.0","10.0","15.0","20.0","10.0","4.2.3.1"
"Chapter 11: Artistic Events - Regional Test",AE,13,"For compulsory routines, judges score each sequence between 0.0 and what?","5.0","10.0","15.0","20.0","10.0","4.3.1"
"Chapter 11: Artistic Events - Regional Test",AE,14,"A panel of how many judges evaluates AE routines?","Three","Four","Five","Six","Three","4.4.2.1"
"Chapter 11: Artistic Events - Regional Test",AE,15,"The three judges' scores are averaged to calculate the score.","True","False","Only in compulsory","Only in free","True","4.5.2.1"
"Chapter 11: Artistic Events - Regional Test",AE,16,"What is the maximum wind speed for Artistic Events?","7 m/s","9 m/s","11 m/s","13 m/s","9 m/s","2.5.1"
"Chapter 11: Artistic Events - Regional Test",AE,17,"Aircraft speed at exit is determined by whom for AE?","Chief Judge","Meet Director","Chief Pilot","Team","Meet Director","2.1.1"
"Chapter 11: Artistic Events - Regional Test",AE,18,"The minimum number of rounds to constitute a meet is one (the free round).","True","False","Two rounds minimum","Three rounds minimum","True","3.3.1"
"Chapter 11: Artistic Events - Regional Test",AE,19,"Working time starts when for Artistic Events?","Any team member separates from aircraft","Videographer exit","First performer exit","First formation","Any team member separates from aircraft","1.1.7"
"Chapter 11: Artistic Events - Regional Test",AE,20,"If judges cannot determine start of working time, what is used?","Rejump granted","Videographer separates from aircraft","Average time applied","Zero score","Videographer separates from aircraft","4.4.6"
"Chapter 11: Artistic Events - Regional Test",AE,21,"A penalty of what percent is deducted if start time cannot be determined?","10%","15%","20%","25%","20%","4.4.6"
"Chapter 11: Artistic Events - Regional Test",AE,22,"A Freestyle team has how many performers (not including videographer)?","One","Two","Three","Four","One","1.1.1"
"Chapter 11: Artistic Events - Regional Test",AE,23,"A Freefly team has how many performers (not including videographer)?","One","Two","Three","Four","Two","1.1.2"
"Chapter 11: Artistic Events - Regional Test",AE,24,"Each Compulsory Routine consists of how many Compulsory Sequences?","Two","Three","Four","Five","Four","3.2.2"
"Chapter 11: Artistic Events - Regional Test",AE,25,"For ties in the first three places, what is the first tie-breaking method?","Tie-break free round","Sum of free rounds","Highest single round","Co-placing","Tie-break free round","5.3.1"
"Chapter 11: Artistic Events - National Test",AE,1,"If tie persists after comparing free rounds, what is compared next?","Compulsory rounds","Last free round","Highest single round","Average score","Compulsory rounds","5.3.2.2"
"Chapter 11: Artistic Events - National Test",AE,2,"The first three places in a tie are determined by a tie-break free round if what?","Chief Judge decides","Time permits","Teams agree","Always required","Time permits","5.3.1"
"Chapter 11: Artistic Events - National Test",AE,3,"Teams must deliver compulsory sequence order and Max Values when?","Day of competition","Before competition begins","After first round","48 hours before","Before competition begins","3.2.4.1"
"Chapter 11: Artistic Events - National Test",AE,4,"Failure to provide compulsory sequence order results in what score?","Average score","Zero points","Penalty deduction","Rejump offered","Zero points","3.2.4.2"
"Chapter 11: Artistic Events - National Test",AE,5,"Free routine videos must be delivered to Chief Judge how long before registration closes?","24 hours","48 hours","72 hours","1 week","48 hours","3.2.4.3"
"Chapter 11: Artistic Events - National Test",AE,6,"Each Compulsory Routine consists of how many Compulsory Sequences?","Two","Three","Four","Five","Four","3.2.2"
"Chapter 11: Artistic Events - National Test",AE,7,"Compulsory Sequences must be performed in what order?","Any order","Submitted order","Numerical order","Difficulty order","Submitted order","3.2.2"
"Chapter 11: Artistic Events - National Test",AE,8,"In free rounds, execution deductions are determined by how many judges?","Two","Three","Four","Five","Three","4.2.2.1"
"Chapter 11: Artistic Events - National Test",AE,9,"The compulsory sequence average is multiplied by what factor?","0.1","0.225","0.5","1.0","0.225","4.5.2.2"
"Chapter 11: Artistic Events - National Test",AE,10,"The presentation average in compulsory rounds is multiplied by what factor?","0.1","0.225","0.5","1.0","0.1","4.5.2.2"
"Chapter 11: Artistic Events - National Test",AE,11,"All three judges' scores are averaged with no rounding applied.","True","False","Only for free","Only for compulsory","True","4.5.2.1"
"Chapter 11: Artistic Events - National Test",AE,12,"Executing compulsory sequences in wrong order results in what for out-of-order sequences?","Penalty points","Zero score","Rejump","Warning","Zero score","4.3.3.1"
"Chapter 11: Artistic Events - National Test",AE,13,"If judges recognize an attempt at a compulsory sequence, a second attempt receives what?","Full score","Half score","No score","Bonus points","No score","4.3.3"
"Chapter 11: Artistic Events - National Test",AE,14,"Working time terminates how many seconds after exit for Freestyle?","40 seconds","43 seconds","45 seconds","50 seconds","45 seconds","1.1.7.1"
"Chapter 11: Artistic Events - National Test",AE,15,"Freestyle Team Members are allowed to change their position in the team.","True","False","Only once","Only with approval","True","3.1.3"
"Chapter 11: Artistic Events - National Test",AE,16,"Only one Team Member may carry freefall video equipment on any particular round.","True","False","Two allowed","Unlimited","True","3.1.3"
"Chapter 11: Artistic Events - National Test",AE,17,"Presentation in compulsory routines is scored for what?","Whole routine","Beginning, end, and moves between sequences","Sequences only","Exit only","Beginning, end, and moves between sequences","4.3.2"
"Chapter 11: Artistic Events - National Test",AE,18,"Camera deductions in free rounds can be up to what for performer too far from camera?","-1.0 points","-2.0 points","-3.0 points","-5.0 points","-2.0 points","4.2.3.2"
"Chapter 11: Artistic Events - National Test",AE,19,"A performer and videographer may be on at most how many Freestyle teams?","One","Two","Three","Unlimited","One","3.1.5"
"Chapter 11: Artistic Events - National Test",AE,20,"Judges watch each jump how many times with an optional second viewing?","Once","Twice","Three times","Unlimited","Once","4.4.3"
"Chapter 11: Artistic Events - National Test",AE,21,"A third view of a compulsory round jump is allowed at whose discretion?","Team request","Chief Judge","Majority of judges","Event Judge","Event Judge","4.4.3"
"Chapter 11: Artistic Events - National Test",AE,22,"Problems with a team's equipment are grounds for a rejump.","True","False","Only video equipment","Only safety equipment","False","2.4.3"
"Chapter 11: Artistic Events - National Test",AE,23,"Contact between performers and videographer is grounds for a rejump.","True","False","Only if intentional","Chief Judge decides","False","2.4.2"
"Chapter 11: Artistic Events - National Test",AE,24,"Adverse weather during a jump is grounds for protest.","True","False","Only for rejump","Chief Judge decides","False","2.4.4"
"Chapter 11: Artistic Events - National Test",AE,25,"A Freefly team consists of how many Team Members total?","Two","Three","Four","Five","Three","3.1.4"
"Chapters 12 & 13: Canopy Piloting - Regional Test",CP,1,"What is the minimum exit altitude for CP with 1-2 competitors?","1000 meters AGL","1200 meters AGL","1500 meters AGL","2000 meters AGL","1200 meters AGL","3.2.1"
"Chapters 12 & 13: Canopy Piloting - Regional Test",CP,2,"How many events comprise Canopy Piloting?","Two","Three","Four","Five","Three","1.2.1"
"Chapters 12 & 13: Canopy Piloting - Regional Test",CP,3,"What are the three CP events?","Speed, Distance, Style","Speed, Distance, Zone Accuracy","Speed, Accuracy, Style","Distance, Accuracy, Freestyle","Speed, Distance, Zone Accuracy","2.1"
"Chapters 12 & 13: Canopy Piloting - Regional Test",CP,4,"What is the course length for Carved Speed?","50 meters","60 meters","70 meters","80 meters","70 meters","Addendum C 1.1.1"
"Chapters 12 & 13: Canopy Piloting - Regional Test",CP,5,"What is the maximum ground wind speed for CP Speed and Distance events?","5 m/s","7 m/s","9 m/s","11 m/s","7 m/s","3.1.1"
"Chapters 12 & 13: Canopy Piloting - Regional Test",CP,6,"Each CP performance shall be observed by at least how many judges?","Two","Three","Four","Five","Three","5.1.3"
"Chapters 12 & 13: Canopy Piloting - Regional Test",CP,7,"In Zone Accuracy, the top ranked competitor's score is set to what percentage?","50%","75%","100%","125%","100%","4.5.2"
"Chapters 12 & 13: Canopy Piloting - Regional Test",CP,8,"In Distance, scoring begins at what point?","Exit point","Entry gate (G1)","Water contact","Course start","Entry gate (G1)","4.3.5.2"
"Chapters 12 & 13: Canopy Piloting - Regional Test",CP,9,"What is the width of the CP course?","10 meters","12 meters","15 meters","20 meters","10 meters","Addendum B 1.1.2"
"Chapters 12 & 13: Canopy Piloting - Regional Test",CP,10,"How many rounds are scheduled per CP event (Speed, Distance, Zone Accuracy)?","Two","Three","Four","Five","Three","1.2.1"
"Chapters 12 & 13: Canopy Piloting - Regional Test",CP,11,"The minimum number of rounds for a valid CP event is one.","True","False","Two rounds required","Three rounds required","True","1.2.3"
"Chapters 12 & 13: Canopy Piloting - Regional Test",CP,12,"What result applies for a Missed Entry (ME) in CP?","Default result","Minimum result (zero points)","Rejump offered","Average of other rounds","Minimum result (zero points)","4.1.4.1"
"Chapters 12 & 13: Canopy Piloting - Regional Test",CP,13,"The Overall Champion is the competitor with the highest what?","Total points from all events","Average placing","Combined event scores","Best three rounds","Total points from all events","7.1.2"
"Chapters 12 & 13: Canopy Piloting - Regional Test",CP,14,"What is the Default Result (DR) in CP events?","Zero points","Three points","Five points","Ten points","Three points","Addendum A"
"Chapters 12 & 13: Canopy Piloting - Regional Test",CP,15,"CP-Freestyle is covered in which chapter?","Chapter 12","Chapter 13","Chapter 14","Appendix","Chapter 13","13-1.1.1"
"Chapters 12 & 13: Canopy Piloting - Regional Test",CP,16,"What is the minimum exit altitude for CP-Freestyle with 1-2 competitors?","1000 meters AGL","1200 meters AGL","1500 meters AGL","2000 meters AGL","1200 meters AGL","3.2.1"
"Chapters 12 & 13: Canopy Piloting - Regional Test",CP,17,"How many rounds comprise a CP-Freestyle competition?","One","Two","Three","Four","Three","1.2.1"
"Chapters 12 & 13: Canopy Piloting - Regional Test",CP,18,"What is the minimum number of rounds required for a valid CP-Freestyle event?","One","Two","Three","Four","One","1.2.2"
"Chapters 12 & 13: Canopy Piloting - Regional Test",CP,19,"CP-Freestyle is an individual event.","True","False","Team of two","Team of three","True","2.1.1"
"Chapters 12 & 13: Canopy Piloting - Regional Test",CP,20,"Each judge scores CP-Freestyle performances from 0.0 to what maximum?","5.0","7.5","10.0","15.0","10.0","4.1.7"
"Chapters 12 & 13: Canopy Piloting - Regional Test",CP,21,"How many judges evaluate each CP-Freestyle jump?","Three","Four","Five","Six","Five","4.1.7"
"Chapters 12 & 13: Canopy Piloting - Regional Test",CP,22,"In Speed, the course ends at what?","Water exit","Exit gate","100-meter mark","Landing","Exit gate","12-4.2.1"
"Chapters 12 & 13: Canopy Piloting - Regional Test",CP,23,"What is the Default Result (DR) in CP-Freestyle?","Zero points","Three points","Five points","Ten points","Three points","2.2"
"Chapters 12 & 13: Canopy Piloting - Regional Test",CP,24,"The maximum wind speed for CP-Freestyle is what?","5 m/s","7 m/s","9 m/s","11 m/s","7 m/s","3.1.1"
"Chapters 12 & 13: Canopy Piloting - Regional Test",CP,25,"What is the maximum points possible in CP-Freestyle (3 rounds)?","100 points","200 points","300 points","400 points","300 points","7.1.1"
"Chapters 12 & 13: Canopy Piloting - National Test",CP,1,"In Speed, time is measured to what precision?","0.1 seconds","0.01 seconds","0.001 seconds","0.0001 seconds","0.001 seconds","4.2.3"
"Chapters 12 & 13: Canopy Piloting - National Test",CP,2,"In Distance, measurements are to what precision?","0.1 meters","0.5 meters","1 meter","0.01 meters","0.01 meters","4.3.5.2"
"Chapters 12 & 13: Canopy Piloting - National Test",CP,3,"A video review (VR) cycle is comprised of a maximum of how many viewings?","One","Two","Three","Four","Three","12-6.2.4"
"Chapters 12 & 13: Canopy Piloting - National Test",CP,4,"If Out Flying (OF) occurs after G1 is scored, what result is issued?","Minimum result (0 points)","Default result (3 points)","Rejump offered","Disqualification","Default result (3 points)","4.1.3"
"Chapters 12 & 13: Canopy Piloting - National Test",CP,5,"In Distance, what is measured from G1 to determine score?","Distance to water exit","Distance to G5","Distance to closest point touched during landing","Distance to landing stop","Distance to closest point touched during landing","4.3.5.2"
"Chapters 12 & 13: Canopy Piloting - National Test",CP,6,"How many zones comprise Zone Accuracy in CP?","Six","Eight","Ten","Twelve","Ten","12-Addendum E"
"Chapters 12 & 13: Canopy Piloting - National Test",CP,7,"In CP tied placing for first three places, what is the first tiebreaker?","One tie-breaking jump","Best single round result","Overall points","Speed result","One tie-breaking jump","7.2.1.1"
"Chapters 12 & 13: Canopy Piloting - National Test",CP,8,"The host must provide how many additional persons to assist CP-Freestyle judges?","One","Two","Three","Four","Two","13-5.1.3.1"
"Chapters 12 & 13: Canopy Piloting - National Test",CP,9,"At least one CP-Freestyle helper must be able to operate what?","Timing system","Video judging system","Wind meter","Radio","Video judging system","13-5.1.3.1"
"Chapters 12 & 13: Canopy Piloting - National Test",CP,10,"CP-Freestyle helpers should preferably have what rating?","Regional FS judge","National CP judge","Local CP judge","Any judge rating","Local CP judge","13-5.1.3.1"
"Chapters 12 & 13: Canopy Piloting - National Test",CP,11,"CP-Freestyle helpers must be approved by whom no later than day before OPP?","Meet Director","Chief Judge","Video Controller","USPA Controller","Chief Judge","13-5.1.3.1"
"Chapters 12 & 13: Canopy Piloting - National Test",CP,12,"What is the maximum allowable wind speed for Zone Accuracy in CP?","5 m/s","6 m/s","7 m/s","9 m/s","5 m/s","12-3.1.1"
"Chapters 12 & 13: Canopy Piloting - National Test",CP,13,"What is the fee to invoke a video review challenge in CP?","$25","$50","$75","$100","$75","12-6.3.5"
"Chapters 12 & 13: Canopy Piloting - National Test",CP,14,"In CP-Freestyle Open class Round 1, moves must have DoD less than what?","2.0","3.0","4.0","5.0","5.0","4.1.1.1"
"Chapters 12 & 13: Canopy Piloting - National Test",CP,15,"In CP-Freestyle Intermediate class Round 1, moves must have DoD less than what?","2.0","3.0","4.0","5.0","2.0","4.1.2.1"
"Chapters 12 & 13: Canopy Piloting - National Test",CP,16,"Routine description sheets must be presented how long before competition start?","24 hours","36 hours","48 hours","72 hours","48 hours","4.1.3"
"Chapters 12 & 13: Canopy Piloting - National Test",CP,17,"If routine description sheet is not presented on time, the DoD for each round will be what?","1.0","1.2","1.5","2.0","1.2","4.1.3"
"Chapters 12 & 13: Canopy Piloting - National Test",CP,18,"A penalty in CP-Freestyle is applied when indicated by a minimum of how many judges?","Two","Three","Four","Five","Three","4.1.8"
"Chapters 12 & 13: Canopy Piloting - National Test",CP,19,"In CP-Freestyle tied placing, what determines higher standing first?","Best single score","Higher placing in completed rounds","Last round score","Total points","Higher placing in completed rounds","7.2.1"
"Chapters 12 & 13: Canopy Piloting - National Test",CP,20,"In CP, competitors jump in what order in later rounds?","Random","Registration order","Reverse standings","Same order","Reverse standings","12-3.5.5"
"Chapters 12 & 13: Canopy Piloting - National Test",CP,21,"The CP water course minimum depth at the beginning to G2 is what?","0.40 meters","0.50 meters","0.60 meters","0.75 meters","0.60 meters","Addendum B 1.1.4.1"
"Chapters 12 & 13: Canopy Piloting - National Test",CP,22,"In Speed, what triggers the timing system start?","Exit signal","Entry gate","First water contact","Competitor signal","Entry gate","12-4.2.1"
"Chapters 12 & 13: Canopy Piloting - National Test",CP,23,"The video review panel in CP-Freestyle consists of how many persons?","Two","Three","Four","Five","Three","6.2.2"
"Chapters 12 & 13: Canopy Piloting - National Test",CP,24,"One complete round constitutes a meet for CP-Freestyle.","True","False","Two rounds","Three rounds","True","1.2.2"
"Chapters 12 & 13: Canopy Piloting - National Test",CP,25,"What is the minimum number of high-performance landings for CP Open class?","100 in 12 months","150 in 12 months","200 total","500 total","150 in 12 months","1-5.2.2"
"Chapter 14: Wingsuit Flying - Regional Test",WS,1,"What is the maximum exit altitude for Wingsuit Performance?","10,000 feet","10,500 feet","11,000 feet","12,500 feet","11,000 feet","5.4.6"
"Chapter 14: Wingsuit Flying - Regional Test",WS,2,"What is the minimum exit altitude for Wingsuit Acrobatic?","10,000 feet","11,000 feet","12,000 feet","12,500 feet","12,000 feet","6.3.1"
"Chapter 14: Wingsuit Flying - Regional Test",WS,3,"How many tasks comprise Wingsuit Performance?","Two","Three","Four","Five","Three","5.1.1"
"Chapter 14: Wingsuit Flying - Regional Test",WS,4,"What are the three Performance tasks?","Time, Distance, Speed","Speed, Distance, Time","Distance, Speed, Altitude","Time, Distance, Style","Time, Distance, Speed","5.3"
"Chapter 14: Wingsuit Flying - Regional Test",WS,5,"Wingsuit Performance is an individual event.","True","False","Team of two","Team of three","True","5.1.1"
"Chapter 14: Wingsuit Flying - Regional Test",WS,6,"Wingsuit Acrobatic team size is how many including videographer?","Two","Three","Four","Five","Three","2.3.1"
"Chapter 14: Wingsuit Flying - Regional Test",WS,7,"How many compulsory rounds in WS Acrobatic?","Two","Three","Four","Five","Four","6.2.2.1"
"Chapter 14: Wingsuit Flying - Regional Test",WS,8,"How many free rounds in WS Acrobatic?","Two","Three","Four","Five","Three","6.2.2.2"
"Chapter 14: Wingsuit Flying - Regional Test",WS,9,"The Acrobatic Altitude Window lower boundary is how many feet below the upper boundary?","5,000 feet","6,500 feet","7,500 feet","8,000 feet","7,500 feet","6.3.3"
"Chapter 14: Wingsuit Flying - Regional Test",WS,10,"How many judges minimum for Wingsuit Performance?","Two","Three","Four","Five","Two","7.1.2"
"Chapter 14: Wingsuit Flying - Regional Test",WS,11,"How many judges minimum for Wingsuit Acrobatic?","Three","Four","Five","Six","Three","7.2.3"
"Chapter 14: Wingsuit Flying - Regional Test",WS,12,"What is the maximum wind speed for Wingsuit events?","7 m/s","9 m/s","11 m/s","13 m/s","9 m/s","5.7.4"
"Chapter 14: Wingsuit Flying - Regional Test",WS,13,"The Performance competition window is between what altitudes?","2500m-1500m (8202-4921 ft)","3000m-2000m","2000m-1000m","3500m-2500m","2500m-1500m (8202-4921 ft)","2.2.1"
"Chapter 14: Wingsuit Flying - Regional Test",WS,14,"How many rounds does a WS Performance competition consist of?","Two","Three","Four","Five","Three","5.4.1"
"Chapter 14: Wingsuit Flying - Regional Test",WS,15,"How many rounds does a WS Acrobatic competition consist of?","Six","Seven","Eight","Ten","Seven","6.2.1"
"Chapter 14: Wingsuit Flying - Regional Test",WS,16,"A valid WS Performance competition requires at least one valid task.","True","False","One round","Three tasks","True","5.4.4"
"Chapter 14: Wingsuit Flying - Regional Test",WS,17,"What is the minimum horizontal spacing between exits in WS Performance?","400m","500m","600m","800m","600m","5.5.5"
"Chapter 14: Wingsuit Flying - Regional Test",WS,18,"In WS Performance, scores are recorded using what?","Video","Ground observers","Position Logging Device (PLD)","Timing gates","Position Logging Device (PLD)","2.1.2"
"Chapter 14: Wingsuit Flying - Regional Test",WS,19,"The Speed task measures what?","Horizontal ground speed (km/h)","Vertical speed","Air speed","Total velocity","Horizontal ground speed (km/h)","5.3.3"
"Chapter 14: Wingsuit Flying - Regional Test",WS,20,"The Time task measures what?","Total flight time","Time in competition window (seconds)","Time to target","Freefall time","Time in competition window (seconds)","5.3.1"
"Chapter 14: Wingsuit Flying - Regional Test",WS,21,"The Distance task measures what?","Total distance","Straight-line ground distance (meters)","Vertical distance","3D distance","Straight-line ground distance (meters)","5.3.2"
"Chapter 14: Wingsuit Flying - Regional Test",WS,22,"WS Acrobatic performers (not including videographer) must be how many?","One","Two","Three","Four","Two","2.3.1"
"Chapter 14: Wingsuit Flying - Regional Test",WS,23,"With 5 judges in WS Acrobatic, the highest and lowest scores are discarded.","True","False","Only compulsory","Only free","True","7.2.8.1"
"Chapter 14: Wingsuit Flying - Regional Test",WS,24,"WS Performance Overall uses what calculation method?","Total points","Average placing","Sum of percentage scores","Best rounds","Sum of percentage scores","5.9.3"
"Chapter 14: Wingsuit Flying - Regional Test",WS,25,"A wingsuit is defined as a garment forming wings between what?","Arms only","Legs only","Arms, legs, and torso","Inflatable cells","Arms, legs, and torso","2.1.1"
"Chapter 14: Wingsuit Flying - National Test",WS,1,"In WS Performance, what happens if PLD malfunctions (not competitor's fault)?","Rejump option offered","Zero score","Average of other rounds","DNF","Rejump option offered","4.2.11"
"Chapter 14: Wingsuit Flying - National Test",WS,2,"The Performance competition window upper boundary is at what Geometric Altitude?","2000m","2500m (8202ft)","3000m","3500m","2500m (8202ft)","2.2.1"
"Chapter 14: Wingsuit Flying - National Test",WS,3,"The Performance competition window lower boundary is at what Geometric Altitude?","1000m","1500m (4921ft)","2000m","2500m","1500m (4921ft)","2.2.1"
"Chapter 14: Wingsuit Flying - National Test",WS,4,"For Performance, the Meet Director may lower exit altitude to no lower than what?","9,000 feet","10,000 feet (3048m)","11,000 feet","11,500 feet","10,000 feet (3048m)","5.4.7"
"Chapter 14: Wingsuit Flying - National Test",WS,5,"If Performance exit altitude is lowered, what happens to the competition window?","Lowered proportionally","Lowered 1,500 feet","Lowered 2,000 feet","Window stays 2500-1500m","Window stays 2500-1500m","5.4.7"
"Chapter 14: Wingsuit Flying - National Test",WS,6,"WS Acrobatic compulsory sequences contain how many maneuvers?","2 or 4","3 only","4 only","5","2 or 4","2.3.5"
"Chapter 14: Wingsuit Flying - National Test",WS,7,"In WS Acrobatic compulsory rounds, style is scored on a scale of what?","0-5 points","0-10 points","0-15 points","0-20 points","0-10 points","Addendum B C-2"
"Chapter 14: Wingsuit Flying - National Test",WS,8,"WS Acrobatic compulsory rounds are evaluated using what criteria?","Style only","Style and number of grips","Grips only","Style, grips, and camera","Style and number of grips","7.2.6.1"
"Chapter 14: Wingsuit Flying - National Test",WS,9,"WS Acrobatic free rounds are evaluated using what criteria?","Style only","Style and grips","Style, dive plan, and camerawork","Dive plan only","Style, dive plan, and camerawork","7.2.7.1"
"Chapter 14: Wingsuit Flying - National Test",WS,10,"Camera Quality in free rounds is scored on a scale of what?","0-5 points","0-7 points","0-10 points","0-15 points","0-7 points","Addendum B C-3"
"Chapter 14: Wingsuit Flying - National Test",WS,11,"Progressive Work in free rounds is scored on a scale of what?","0-3 points","0-5 points","0-7 points","0-10 points","0-3 points","Addendum B C-3"
"Chapter 14: Wingsuit Flying - National Test",WS,12,"Working time starts when for WS Acrobatic?","Any team member exits","Last exit","Videographer exit","Vertical speed reaches 10 m/s","Any team member exits","2.4.10"
"Chapter 14: Wingsuit Flying - National Test",WS,13,"A penalty of what percent is deducted if start of working time cannot be determined on video?","10%","15%","20%","25%","10%","6.8.8"
"Chapter 14: Wingsuit Flying - National Test",WS,14,"In WS Performance tied placing (first three places), what happens?","Best single round compared","Sum of task scores","Tie-break jump made","Speed score","Tie-break jump made","5.9.5.1"
"Chapter 14: Wingsuit Flying - National Test",WS,15,"In WS Acrobatic tie after tie-break jump, what is compared first?","Best compulsory rounds","Best score of free rounds","Average of all rounds","Last round","Best score of free rounds","6.10.3.1"
"Chapter 14: Wingsuit Flying - National Test",WS,16,"How many compulsory sequences make up a compulsory routine?","Two","Three","Four","Five","Three","6.6.1"
"Chapter 14: Wingsuit Flying - National Test",WS,17,"An Acrobatic Wingsuit Flying Team consists of exactly how many members?","Two","Three","Four","Five","Three","2.3.1"
"Chapter 14: Wingsuit Flying - National Test",WS,18,"Speed task result in WS Performance is expressed in what units?","mph","knots","km/h","m/s","km/h","5.3.3"
"Chapter 14: Wingsuit Flying - National Test",WS,19,"Time task result in WS Performance is expressed in what units?","Milliseconds","Centiseconds","Seconds","Minutes","Seconds","5.3.1"
"Chapter 14: Wingsuit Flying - National Test",WS,20,"Distance task result in WS Performance is expressed in what units?","Feet","Meters","Kilometers","Miles","Meters","5.3.2"
"Chapter 14: Wingsuit Flying - National Test",WS,21,"The PLD must have a position accuracy (SEP) of less than how many meters?","5 meters","10 meters","15 meters","20 meters","10 meters","4.1.1"
"Chapter 14: Wingsuit Flying - National Test",WS,22,"Each competitor shall wear how many PLD(s) provided by the Host?","One","Two","Three","One primary, one backup","One","5.8.4"
"Chapter 14: Wingsuit Flying - National Test",WS,23,"The PLD must record data with a resolution of at least what frequency?","1Hz","5Hz","10Hz","20Hz","5Hz","4.1.1"
"Chapter 14: Wingsuit Flying - National Test",WS,24,"If the PLD is lost, what score does the competitor receive?","Zero","Average of others","Rejump","DNF","Zero","4.2.12"
"Chapter 14: Wingsuit Flying - National Test",WS,25,"WS Performance scores are calculated as what of the top result?","Raw scores","Percentage of top result","Standard deviations","Rankings only","Percentage of top result","5.9.2"
"Chapter 15: Speed Skydiving - Regional Test",SP,1,"What is the standard minimum exit altitude for Speed Skydiving?","12,000 feet","13,000 feet","14,000 feet","15,000 feet","13,000 feet","5.4.1"
"Chapter 15: Speed Skydiving - Regional Test",SP,2,"Speed Skydiving is an individual event.","True","False","Team of two","Team of three","True","4.2.1"
"Chapter 15: Speed Skydiving - Regional Test",SP,3,"How many rounds does the Speed Skydiving Individual Event consist of?","Six","Eight","Ten","Twelve","Eight","4.2.1"
"Chapter 15: Speed Skydiving - Regional Test",SP,4,"The performance window ends at what altitude (breakoff)?","4,500 ft AGL","5,000 ft AGL","5,600 ft AGL","6,000 ft AGL","5,600 ft AGL","2.6.1"
"Chapter 15: Speed Skydiving - Regional Test",SP,5,"What is measured in Speed Skydiving?","Ground speed","Horizontal speed","Vertical speed","Total velocity","Vertical speed","4.1.1"
"Chapter 15: Speed Skydiving - Regional Test",SP,6,"Speed is measured using what devices?","Video analysis","Radar","Position Logging Device (PLD)","Timing gates","Position Logging Device (PLD)","2.1.1"
"Chapter 15: Speed Skydiving - Regional Test",SP,7,"How many judges minimum for Speed Skydiving?","Two","Three","Four","Five","Two","6.1.1"
"Chapter 15: Speed Skydiving - Regional Test",SP,8,"The score is the average vertical speed over how many seconds?","2 seconds","3 seconds","4 seconds","5 seconds","3 seconds","4.1.1"
"Chapter 15: Speed Skydiving - Regional Test",SP,9,"The minimum number of rounds for a valid Speed Skydiving event is how many?","One","Two","Three","Four","One","4.2.1"
"Chapter 15: Speed Skydiving - Regional Test",SP,10,"The exit delay between competitors must be at least how many seconds?","3 seconds","5 seconds","7 seconds","10 seconds","5 seconds","5.2.2"
"Chapter 15: Speed Skydiving - Regional Test",SP,11,"Speed is recorded in what units?","mph","knots","km/h","m/s","km/h","5.5.1"
"Chapter 15: Speed Skydiving - Regional Test",SP,12,"Speed Skydiving competitors are ranked by what?","Total speed","Average speed","Best single round","Accumulation/sum of scores","Accumulation/sum of scores","6.3.1"
"Chapter 15: Speed Skydiving - Regional Test",SP,13,"The performance window height is how many feet below the start?","5,000 feet","6,000 feet","7,400 feet","8,000 feet","7,400 feet","2.7.1"
"Chapter 15: Speed Skydiving - Regional Test",SP,14,"The PLD is attached to the competitor's helmet by whom?","Competitor","Team captain","Judging staff member","Meet Director","Judging staff member","3.2.6"
"Chapter 15: Speed Skydiving - Regional Test",SP,15,"If PLD malfunctions (not competitor's fault), what options does competitor have?","Zero score only","Rejump or zero score","Automatic rejump","Average of other rounds","Rejump or zero score","3.2.14"
"Chapter 15: Speed Skydiving - Regional Test",SP,16,"If PLD is tampered with by competitor, what is the result?","Warning","Rejump","Zero score for jump","Disqualification","Zero score for jump","3.2.13"
"Chapter 15: Speed Skydiving - Regional Test",SP,17,"In tied placing (first three places), what is tried first?","Best single round","Tie-break jump","Total speed","Co-medalists declared","Tie-break jump","7.1.2.1"
"Chapter 15: Speed Skydiving - Regional Test",SP,18,"The PLD must record data with a resolution of at least what frequency?","1Hz","3Hz","5Hz","10Hz","5Hz","3.1.1"
"Chapter 15: Speed Skydiving - Regional Test",SP,19,"The performance window starts when vertical speed first reaches what?","5 m/s","10 m/s","15 m/s","20 m/s","10 m/s","2.7.1"
"Chapter 15: Speed Skydiving - Regional Test",SP,20,"Scores of all completed rounds are accumulated for final standings.","True","False","Drop lowest","Best 6 of 8","True","6.3.1"
"Chapter 15: Speed Skydiving - Regional Test",SP,21,"The breakoff altitude in meters is approximately what?","1,500 m","1,707 m","1,900 m","2,000 m","1,707 m","2.6.1"
"Chapter 15: Speed Skydiving - Regional Test",SP,22,"The performance window height in meters is approximately what?","1,500 m","2,000 m","2,256 m","2,500 m","2,256 m","2.7.1"
"Chapter 15: Speed Skydiving - Regional Test",SP,23,"Mixed teams compete for separate medals.","True","False","Only at Nationals","Only at Worlds","True","7.1.3.2"
"Chapter 15: Speed Skydiving - Regional Test",SP,24,"How many competitors form a mixed team?","Two","Three","Four","Five","Two","4.2.2"
"Chapter 15: Speed Skydiving - Regional Test",SP,25,"A mixed team includes how many male and how many female competitors?","One male, one female","Two male, one female","One male, two female","Any combination","One male, one female","4.2.2"
"Chapter 15: Speed Skydiving - National Test",SP,1,"For weather/ATC reasons, the minimum exit altitude may be reduced to what?","10,000 feet","11,000 feet","12,000 feet","12,500 feet","11,000 feet","5.4.2"
"Chapter 15: Speed Skydiving - National Test",SP,2,"When exit altitude is reduced, how is the performance window adjusted?","Stays the same","Reduced by same amount","Always uses full window","Breakoff changes","Reduced by same amount","5.4.2"
"Chapter 15: Speed Skydiving - National Test",SP,3,"Any one round must be completed with what altitude parameters?","Any altitude OK","The same parameters","Full altitude only","Varied as needed","The same parameters","5.4.2"
"Chapter 15: Speed Skydiving - National Test",SP,4,"The maximum exit altitude for a valid jump is what?","13,000 feet","14,000 feet","15,000 feet","16,000 feet","14,000 feet","5.4.3"
"Chapter 15: Speed Skydiving - National Test",SP,5,"If exit altitude exceeds the maximum, what happens?","Score stands","Rejump granted","Zero score","Warning issued","Rejump granted","5.4.3"
"Chapter 15: Speed Skydiving - National Test",SP,6,"If exit altitude is below minimum, competitor may choose to?","Automatic rejump","Accept score or rejump","Zero score","Continue anyway","Accept score or rejump","5.4.4"
"Chapter 15: Speed Skydiving - National Test",SP,7,"The validation window length is how many feet?","2,500 feet","3,000 feet","3,300 feet","4,000 feet","3,300 feet","2.8.1"
"Chapter 15: Speed Skydiving - National Test",SP,8,"Competitors shall not carry additional or removable weight. Weight checks may fluctuate by how much?","+/- 1kg","+/- 2kg","+/- 3kg","+/- 5kg","+/- 2kg","3.2.4"
"Chapter 15: Speed Skydiving - National Test",SP,9,"Each competitor must wear what on every jump?","Two PLDs","Audio altitude warning device","Video camera","Tracking device","Audio altitude warning device","3.2.8"
"Chapter 15: Speed Skydiving - National Test",SP,10,"Maximum competitors per exit pass in Speed Skydiving?","Four","Five","Six","Eight","Six","5.3.2"
"Chapter 15: Speed Skydiving - National Test",SP,11,"Speed results are calculated to what precision?","1 km/h","0.1 km/h","0.01 km/h","0.001 km/h","0.01 km/h","5.5.1"
"Chapter 15: Speed Skydiving - National Test",SP,12,"Exit order in a jump run is determined by what?","Random draw","Registration order","Personal best descending","Reverse standings","Personal best descending","5.3.1"
"Chapter 15: Speed Skydiving - National Test",SP,13,"The first person to exit on a pass turns how many degrees to the right?","45 degrees","90 degrees","180 degrees","Straight ahead","90 degrees","5.2.3"
"Chapter 15: Speed Skydiving - National Test",SP,14,"Equipment inspections may be made at any time during competition.","True","False","Only before competition","Only after complaint","True","3.2.3"
"Chapter 15: Speed Skydiving - National Test",SP,15,"PLD tampering results in what penalty?","Warning","Zero score for jump","Disqualification","One-year ban","Zero score for jump","3.2.13"
"Chapter 15: Speed Skydiving - National Test",SP,16,"The mixed team score in each round is calculated how?","Average of scores","Sum of scores","Best score used","Weighted average","Sum of scores","4.2.2"
"Chapter 15: Speed Skydiving - National Test",SP,17,"Mixed Team Event uses scores from how many rounds?","All rounds","Best 3 rounds","Last 3 completed rounds","First 3 rounds","Last 3 completed rounds","4.2.2"
"Chapter 15: Speed Skydiving - National Test",SP,18,"If tie cannot be broken after tie-break jump and best round comparison, what happens?","Another jump","Co-medalists declared","Chief Judge decides","Draw lots","Co-medalists declared","7.1.2.3"
"Chapter 15: Speed Skydiving - National Test",SP,19,"Competitors shall not use what systems?","GPS systems","Propulsion systems","Audio systems","Video systems","Propulsion systems","3.2.1"
"Chapter 15: Speed Skydiving - National Test",SP,20,"The PLD must have a speed accuracy of less than what?","1 m/s","2 m/s","3 m/s","5 m/s","3 m/s","3.1.1"
"Chapter 15: Speed Skydiving - National Test",SP,21,"Additional or removable weight is permitted in Speed Skydiving.","True up to 10kg","True up to 5kg","False","Only for training","False","3.2.4"
"Chapter 15: Speed Skydiving - National Test",SP,22,"For later rounds, reverse order of ranking may be used at whose discretion?","Chief Judge","Meet Director","USPA Controller","Competitors vote","Meet Director","5.1.2"
"Chapter 15: Speed Skydiving - National Test",SP,23,"The validation window length in meters is approximately what?","800 m","900 m","1,006 m","1,200 m","1,006 m","2.8.1"
"Chapter 15: Speed Skydiving - National Test",SP,24,"The performance window starts when vertical speed first reaches what?","5 m/s","10 m/s","15 m/s","20 m/s","10 m/s","2.7.1"
"Chapter 15: Speed Skydiving - National Test",SP,25,"The performance window ends at 7,400 ft below start OR at what altitude, whichever first?","5,000 ft AGL","5,600 ft AGL (breakoff)","6,000 ft AGL","4,500 ft AGL","5,600 ft AGL (breakoff)","2.7.1"
"Chapters 1-3: General Competition Rules",GR,1,"What is the minimum number of freefall skydives required to compete at a USPA National Skydiving Championships?","50 skydives","75 skydives","100 skydives","200 skydives","100 skydives","1-5.2.1"
"Chapters 1-3: General Competition Rules",GR,2,"What is the minimum age requirement to compete at USPA Nationals?","16 years","17 years","18 years","21 years","18 years","1-5.2.1"
"Chapters 1-3: General Competition Rules",GR,3,"What is the maximum wind limit for all events unless otherwise specified?","7 m/s","9 m/s","11 m/s","13 m/s","11 m/s","1-8.3.2"
"Chapters 1-3: General Competition Rules",GR,4,"How long do competitors have to file a protest after knowledge of the grounds for protest?","30 minutes","1 hour","2 hours","24 hours","2 hours","1-8.4.2"
"Chapters 1-3: General Competition Rules",GR,5,"What fee must accompany a protest?","$25","$50","$75","$100","$50","1-8.4.4"
"Chapters 1-3: General Competition Rules",GR,6,"What is the minimum license required for Formation Skydiving Open class?","A License","B License","C License","D License","C License","1-Table 1"
"Chapters 1-3: General Competition Rules",GR,7,"The Meet Director may NOT be a competitor in any event.","True","False","Only in team events","Only with Jury approval","True","1-4.1.4"
"Chapters 1-3: General Competition Rules",GR,8,"How many aircraft passes over the target are permitted per competitor or team for any jump?","One","Two","Three","Unlimited","Two","1-8.2.3.1"
"Chapters 1-3: General Competition Rules",GR,9,"What is the minimum advance call time before boarding the aircraft?","5 minutes only","10 and 5 minutes","15 and 5 minutes","20 and 10 minutes","15 and 5 minutes","1-7.5.1"
"Chapters 1-3: General Competition Rules",GR,10,"For Open class Canopy Piloting, how many high-performance landings are required in the last 12 months?","100 landings","125 landings","150 landings","200 landings","150 landings","1-5.2.2"
"Chapters 1-3: General Competition Rules",GR,11,"The panel of judges for a discipline must comprise an event judge plus at least how many other judges?","Two","Three","Four","Five","Three","1-4.2.4"
"Chapters 1-3: General Competition Rules",GR,12,"What is the penalty for failure to meet video requirements at a USPA Nationals?","Zero score","10% score penalty","20% score penalty","Rejump required","20% score penalty","1-7.3.1"
"Chapters 1-3: General Competition Rules",GR,13,"What is the minimum score required on the written exam for a Regional Judge rating?","70%","75%","80%","85%","75%","2-6.5.2"
"Chapters 1-3: General Competition Rules",GR,14,"What is the minimum score required on the practical exam for a National Judge rating?","75%","80%","85%","90%","85%","2-6.5.3"
"Chapters 1-3: General Competition Rules",GR,15,"How long is a USPA member required to have been a member before earning a National Judge rating?","6 months","1 year","2 years","3 years","1 year","2-3.2.1"
"Chapters 1-3: General Competition Rules",GR,16,"What is the initial judge rating fee that includes a logbook?","$25","$35","$45","$50","$35","2-3.5.1.2"
"Chapters 1-3: General Competition Rules",GR,17,"A National Judge rating automatically expires at the end of which calendar year?","Third year","Fourth year","Fifth year","Seventh year","Fifth year","2-5.1.2.1"
"Chapters 1-3: General Competition Rules",GR,18,"By what date must judges contact the Director of Competition to be on the active judges list?","October 1","November 1","December 1","January 1","December 1","2-5.2.1"
"Chapters 1-3: General Competition Rules",GR,19,"To apply for Judge Examiner appointment, how many consecutive years must a judge be on the active list?","Three years","Four years","Five years","Seven years","Five years","2-6.3.1"
"Chapters 1-3: General Competition Rules",GR,20,"A Regional Judge's rating is valid for how long?","1 year","3 years","5 years","Permanent with USPA membership","Permanent with USPA membership","2-5.1.1.1"
"Chapters 1-3: General Competition Rules",GR,21,"Who has authority to impose regulations due to unforeseeable exigencies during competition?","Chief Judge only","Meet Director only","Meet Management","The Jury","Meet Management","1-6.3.1"
"Chapters 1-3: General Competition Rules",GR,22,"What is the minimum number of judges required for Accuracy Landing?","Three judges","Four judges","Five judges","Six judges","Five judges","1-4.2.6"
"Chapters 1-3: General Competition Rules",GR,23,"How many years can the same person serve as Chief Judge in the same discipline consecutively?","One year","Two years","Three years","No limit","Two years","2-7.3.1.1"
"Chapters 1-3: General Competition Rules",GR,24,"What minimum score on absolute assessments is required for FS and CF judge training?","70%","75%","80%","85%","80%","2-6.6.1"
"Chapters 1-3: General Competition Rules",GR,25,"What organization delegated USPA authority over skydiving competition in the United States?","FAA","FAI","NAA","ISC","NAA","1-1.3.1"
